data,index,prob
business planning meeting correction the meeting will take place on tuesday at am it will be held in the same conference room sorry for the inconvenience amanda business planning meeting please plan to attend a meeting on monday february th at a m the meeting will take place in conference room ecs thank you amanda rybarski office fax cell endofsignature,1259,0.9917953014373779
dinner hi terri sorry i missed your call i would love to get togerther this week sometime any night will work for me just let me know thanks,1437,0.9611891508102417
daily desk meeting pm please note the daily central desk meeting which starts pm will take place today only in team room located on the th floor starting tomorrow this meeting will take place in team room located on the floor thank you irena hogan sr administrative assistant enron americas,9108,0.9478179216384888
ice next steps are he gets me a contract for the api and lets me know when they are meeting on mid and back,14145,0.9248844981193542
vc contact i left a message this afternoon vc contact please contact jay fitzgerald,14426,0.9996708631515503
follow up would you like me to schedule a meeting to discuss real time data feeds to customers if so who should attend i also would like to follow up with true quote and houston street from a business perspective on the exchanges is it ok for me to contact them to get a feel on progress on their side if so who are the commercial contacts at true quotes and houston street,17992,0.9344860315322876
missed your call sorrry i missed your call i am in all day today call me back if you need to speak with me bt,19620,0.610651969909668
delaineys cell kay i lost my cell phone the other day as such can you please forward to me daves cell phone and work s to reinstall thanks bt,19937,0.7812083959579468
golf sat guys as discussed i am going to be tight on time tommorrow as such i am going to take my own car up and would suggest you two carpool together i am leaving houston at am and need to be back by thanks bt,19981,0.9870245456695557
hey whats going on i am heading to dc this weekend with verrechio introducing him to a friend of the girl i am dating should i kiss my relationship goodbye now or wait for verrechio to do that for me gioffre get your private free email at http www hotmail com,21461,0.9493380188941956
more alyssa milano theres some smut circulating about my old lady so thought id drop this to show she has some class me alysa mov,21503,0.6812246441841125
ch case take a look at this i did the numbers questions the rest look like they are going to take a few minutes to do ill check my email tonight let me know where you get to bn,21541,0.8501430749893188
lunch where do you want to meet in the tunnell i am at houston,21654,0.9924367666244507
comparison model i am attaching the comparison model that i created i just wanted to give you this in case miller needs anything while i am gone give me a call if you have any questions my cell is,22136,0.6387694478034973
genco meeting the meeting has been switched to pm over near room tba let me know if this doesnt work for any of you thanks ben,23417,0.9288085103034973
school visit professor ronn thank you for your reply i have a meeting at am but i am free from am to am if you could let me know what the best time for me to stop by your office i would appreciate it i look forward to meeting you tomorrow ben rogers,23547,0.9917596578598022
please give me a call when you get this thanks ben,23940,0.7662249803543091
hey ashley please give me a call at which is my work phone at enron i look forward to talking to you about enron regards ben,24967,0.9205664992332458
winnie t what are you doing sending me this crap i want some dirty jokes i want some stories of wild drunken nights not this stuff we are getting into nyc on late on friday night i am picking up my number early on saturday morning would you be interested in going to dinner with a group of us to tony dinapolis on upper east side on saturday night were getting there at approx pm give me a call about this see ya ben,25159,0.8054202198982239
no java you are cracking me up basically you are the only thing keeping me awake today,27123,0.9999918937683105
can you give me a call today when things are slow i know things are not greg i wanted to let you know that i am sorry that the job prospect did not work out when i called i wanted to be up front with you so that you know where you stand please keep pursuing the other opportunities available at enron if there is anything i can do to help please let me know brad,28598,0.9617345929145813
happy birthday thanks man i feel like the old man that i am i only have years until it gets really bad hunting was great the dog did great he tried to attack a bull and went tearing through the brush i thought that i would never find him after he settled down he did great thanks for keeping the family tiffany told me that you guys taught her how to call the hogs brad,28788,0.9358727931976318
i am wearing you to work today good morning sir i am wearing my sweatshirt and my new boots to work so my feet are warm and i feel like i have you wrapped around me my roses are starting to really open up now they are so beautiful i had fun at the party last night danced my fool head off good natured fun dancing with the buds from work one guy tried to dip me and failed miserably i fell on my right hip but not before i nearly knocked myself unconcious on part of the wall i ended up sitting there for a minute with a packet of frozen soybeans on my noggin i told him no more of that stuff on the way home from the party i almost just showed up at your house but figured you needed a break from me for some rest you have a good day hope you are rested and feeling good,30189,0.9559696316719055
i am leaving for home now hi sweetheart the trip and all really took it out of me i am taking off for home now looking at a little nap action and then if i feel good start packing i love you and will see you this after noon dont work my man too hard but i will rub your feet when you get home if you do love cf,30248,0.5440782308578491
a lady approaches a priest and tells him father i have a problem i have these two talking parrots but they only know how to say one thing what do they say the priest asked they only know how to say hi were prostitutes do you want to have some fun thats terrible the priest exclaimed i have a solution for your problem bring your female parrots over to the rectory and i will put them with my two male parrots whom i have taught to pray and read the bible my parrots will teach your parrots to stop saying that terrible phrase and your female parrots will learn to pray and worship the next day the lady brings her female parrots to the rectory the male parrots are holding rosary beads and praying in their cage the lady puts her parrots in with the male parrots and the females say hi were prostitutes do you want to have some fun one male parrot looks over at the other and squawks put your beads away frank our prayers have been answered,30511,0.9962507486343384
comments to policy guys i am faxing to you my comments to the latest draft of the policy in case i am not in the office tomorrow please call me or bill with your comments when convenient so that we can respond to ace looks like we are really close carol st clair eb phone fax carol st clair enron com,31506,0.7916688919067383
conference call i am available tomorrow at houston time i look forward to your call carol,33934,0.9962650537490845
did you buy any i have the golden touch at,38176,0.999859094619751
the you owe me you might want to watch out while youre crossing the street,39531,0.8472750186920166
ill bring them by your office this afternoon,39564,0.9943417310714722
i only like the movies that all the year old kids like,39631,0.9951660633087158
proposition we should grab some sushi and talk call me at work chris,39655,0.9988120794296265
rrsp information tricia i am moving to our houston office and have some questions regarding my rrsp and pension with clarica can you give me a call when you have a minute on tuesday afternoon after pm when trading is done and i will come by and see you thanx chris,39681,0.6610956192016602
call me or beverly at,40785,0.8995925188064575
call me,40797,1.0000100135803223
hey did you call me i have a message from mike at it aint your voice on voicemail,40871,0.7678329348564148
yo sorry about that gotta go to a meeting give muffy a hug for me,41104,0.8646038770675659
yo did you say you were missing a phone i may have an extra one for sale cheap too i made a bunch of calls on it last night newphew called me at ish and showed up around im tuckered,41460,0.742758572101593
hey call me when you get a chance please,41558,0.9991245865821838
hey i tried to call you to hassel you again the phone rang times and i hung up,42180,0.9827394485473633
this is my beautiful transport worksheet for uncle frenchy what do you think,42252,0.8721562027931213
yo who do i call to get my palm hooked up to my computer i have the palm cradle sitting on my desk,42410,0.9308158159255981
friday afternoon i have an event that i need to attend tomorrow afternoon so i will be taking the half a day off starting at lunchtime i will send out a plan of action for trunkline this afternoon if anyone needs me you can page me at but do not leave a voicemail i dont know how to retrieve them,42758,0.9661295413970947
vacation for chris vacation rollover from hours credit hours disc holiday hours total hours days vacation days beginning balance hours disc holiday mon hours fri hours fri hours fri hours tue hours fri hours total hours remaining day,42962,0.5412118434906006
ena estate group meeting the ena estate group meeting will be held today at pm in ecs i look forward to seeing you at the meeting,44557,0.9974632859230042
thursday night jerry this may be news to you i would like for the of us to have dinner thursday evening and you are buying comments questions,44947,0.5530288815498352
meeting time change sorry but cng called back late yesterday and asked to move next weeks meeting from pm to pm we will still meet in room c thanks md,45727,0.9409595131874084
cng sabine no replying this late at night then i dont have an excuse for not doing my job,45945,0.9708542823791504
transport rates jim asked me to forward this to you we should probably discuss this,46075,0.999471127986908
hey call me when you get out of your morning meeting,46245,1.0000048875808716
revised tco secondary point priority allocation columbia gas transmission corporation notice to all interested parties november notice id no response required subject secondary point priority allocation following is the current secondary point priority allocation methodology please contact your customer services represesentative or account manager with any questions operating area market area market areas market area market areas operating area market area market areas operating area market areas none operating area market area market areas market area market areas market area market areas market area market areas market area market areas market area market areas operating area market area market areas market area market area operating area market areas none operating area market areas none operating area market area market areas market area market areas market area market area market area market area market areas market area market area none operating area market area market areas market area market areas market area market areas the points available on a secondary priority basis are subject to change due to system operations or flexibility considerations,47681,0.8454655408859253
it meeting that is ok with me it meeting michael can we move the meeting this aftrnoon back to pm nfb,48639,0.9627859592437744
bus pass i think so sent the email thursday bus pass did you get ainsley sorted out nfb,48670,0.9049837589263916
hello i am in houston give me a call at hello im in the houston office this week are you around if so email me your location so i can drop by and say hello monica,48736,0.9851066470146179
out of the office mary i apologize for being such a pain in the ass but i will not be in the office today due to sickness i think i have some form of streep throat rash around my neck and very painful to swallow reschedule the genesis meeting for any open time after tomorrow the rest of the meeting i will try to call in on feel free to call me i will be online working if you need anything from me i feel well enough to work just worried that i might be contagious chris,49661,0.9121983647346497
buss pass for the sake of convenience i will send louis allen an email to get ansley a buss pass,49768,0.8294368982315063
year end review as you requested if you have any questions please give me a call i will be in the prc meeting today starting at am mo,50039,0.8918739557266235
dream girl wanted to send you a reference to my dream girl http www ecologyproject org staff html scroll down to the julie osborn section i used to work with her in berkeley,51536,0.998936116695404
around are you around can you give me a call coop,51541,0.9992584586143494
email me please,54324,1.0000100135803223
work hours these are my hours am to pm,54483,1.0000100135803223
yes i am but not to busy to respond to you,54551,0.9506435394287109
dental appt good morning marnie yesterday i made a dental appt for monday dec th pm but i need to leave at pm to get there on time i have to finish a root canal that was started several months ago do you foresee a problem with me leaving at pm that day,54899,0.7242745757102966
attachment jacque call me after you get this,54900,0.9722174406051636
staff meeting on friday dec at am eb c please disregard the referenced meeting notification this is a managerial staff meeting nicole,54993,0.9260157346725464
reminder girl you better go n,55025,0.9971851110458374
i tried to catch you before i left for this hlaa luncheon it started at to cya when i get back,55038,0.9981890916824341
good afternoon would you please page me when you get a moment thanks jacque endofsignature,55221,0.6912769079208374
phone call sorry i did not get a chance to call you yesterday i will call you today on my conference time at please let me know where i can reach you,55914,0.9999091625213623
hey i really really want to get out of here i was just told by my admin that when i get here at am that renee gets in a little after me and is watching me so i need to be careful of what i do what do they think i do play around this makes me so mad i could scream,55945,0.9524086117744446
calpine letter response to please review and give me your comments,59192,0.8902902007102966
mike thursday the th at wil work for me i have reserved room b we can meet at my desk c and walk over there daren,69379,0.6319077610969543
operator qualification please meet in my office at am to discuss nng tw operator qualification dale,72955,0.9919120669364929
morning meeting report status i will be there ds,77292,0.9150227308273315
please call me for gas day june flow nom,77310,0.9912031292915344
annual bus pass notification annual passes for the month of october are ready for pickup at ecn,81702,0.8436908721923828
originators meeting this meeting will take place in c fw originators meeting we recognize that we are experiencing a difficult time at enron now and you are all interfacing with our customers every day we are therefore holding a short meeting at am tomorrow morning to answer questions from you and your groups tammie to advise on the room please invite all of your groups louise,82025,0.9021763801574707
am meeting please feel free to attend am meeting alisha and i wanted to go to the allemployee meeting at the hyatt for a while is it ok or do you have something that you want us to do instead if we go we will probably be there for about minutes to an hour chike,86321,0.9976301789283752
if you want to go i will be going to lunch at also i am going to harrasment thing of friday at go with me debra perlingiere enron north america corp legal department smith street eb houston texas dperlin enron com phone fax,87724,0.6224566698074341
lunch sounds good to me is ok lunch i cant really take a long lunch today but i was thinking of grabbing something downstairs in the cafeteria would you be open we can catch up for a little while email me or call me on my cell phone stacey,88738,0.9920652508735657
lunch i cant really take a long lunch today but i was thinking of grabbing something downstairs in the cafeteria would you be open we can catch up for a little while email me or call me on my cell phone stacey,88836,0.9518990516662598
fyi nony and i are going around if you want to join i am going to the bank and will call when i get back,89033,0.8613617420196533
please send me the name and phone number for your contact and i will work on a gisb with them dp,89068,0.9399806261062622
thank you but im being taken to lunch by my group can we go friday,90035,0.5367570519447327
high school youth meeting at this is just a reminder of our meeting this wednesday at at the church room please let me know if your unable to attend thanks nancy,90534,0.5349997878074646
enron tradersnews energy meeting don i attempted reaching you this morning left vmail message confirming receipt of your email today and our meeting for next wednesday am at your office we look forward to seeing you and discussing our thoughts ideas on a winwin business arrangement chuck kaniuka directorsales ext,92770,0.77041095495224
hey give me a number where sandra can reach merrileeshe got a lead from a friend on a dis house df,98476,0.5448774695396423
i did not tell you but you were looking hot yesterday when you came down to the gym ily dq,103475,0.9484220743179321
re i love you honey,103708,0.6465765833854675
edf sarah yes they tried to keep our money but i made a few phone calls and they are sending us our money as they should be thnx dq,103715,0.9909162521362305
edf man gerri i just got your msg in the future pls call me at i have recently changed my phone number i am not sure if you have the extension for me we have talked to man but i do not know at this time the status of the money will let you know when i hear anything dutch,103724,0.957209587097168
dutch quigley enron com your ultimate woman request processed image instant access to the hottest girls in the world take your pick asian petite latina blondes brunettes redheads ebony average dutch quigley enron com subscribed and confirmed to this mailing to unsubscibe from this list please go here indias whore bikini babes hairy beavers cheerleaders horny housewives gang bang girls porn stars outdoors peeing teens dominatrix anal debutants cotton panties girls in uniform caught on camera amazing tits really fat chicks girls with girls pregnant covered in cum chix with dix cartoon sluts old hags long legs sexy smokers sinful sluts teen virgins triple penetrated wet pussy asian babes pink chocolate girls on film petite girls pinup girls,104080,0.9994243383407593
conference call today how about anytime between and houston time if not i could also do let me know,107455,0.9042773842811584
meeting hi do you want to try and hit on wed either at lunch or after work,107463,0.9849317669868469
meeting see you there at unless i call you,107472,0.6063165068626404
meeting lets try for thurs at call me if you need to change time date,107493,0.9904129505157471
ncaa i love it when you call me honey pie seeyoutonight,107825,0.9325346946716309
meeting sami sorry i missed you while you were in texas should we try to schedule at time to talk by phone any time next week would work well for me thanks elizabeth,108006,0.9909628629684448
meeting hi kriste can hit so we are going to try to meet at can you join us late,108076,0.9790827631950378
i hope you had a good mothers day sorry i did not reach you the circuits were busy when i tried during the evening it was nice to get the big hello from you and the kids,108652,0.6630600690841675
you go girl,119813,1.0000100135803223
offsite on friday february this day is good for me,119833,0.9148260951042175
phone numbers jeremy my pager number is my home phone is please call me when the migration is finished,120004,0.8311355113983154
shorts in buffalo hunterbob and fletch while i was walking today people were running and walking in their shorts my dads heat is not on happy belated thanksgiving mrha,121664,0.9818042516708374
boss day present i keep forgetting to ask you but i need to collect from each of you for mikes bosss day present thanks ina,123281,0.6889867186546326
prebid meeting todays prebid meeting will be held in from pm to pm patti please pass on to the schedulers,123368,1.0000073909759521
revised schedules shonnie attached are my comments per our discussion,124621,0.9995096921920776
filing form keith my changes are redlined please provide any comments,125180,0.7666175961494446
this is so awesome girls are evil jpg,128301,0.9988310933113098
username gnemec pass jbkg grn,128375,1.0000098943710327
good morning gerald want to go to lunch one day this week,128853,0.5371962785720825
boomer george jj john g i was thinking of bringing along a friend from enron to the boat party unfortunately he is not a female so this may throw off your proper party ratio he is married though so he will leave the single girls alone for you and me his wife is out of town this weekend he wont mind sleeping on the floor thanks for letting me hang at your place this weekend lisa is a really cool girl you two will have fun together,129303,0.8672295808792114
i enjoyed lunch today also it was nice to feel normal even if only for a short time,129554,0.6853148937225342
photos of coz nice job on the photos really makes me realize how drunk i was at certain times the good thing is that the dude i met in joes and i are now pen pals and he will be coming to houston to visit very soon maybe he was my long lost brother i am making a phone call to my mom right now too see if she has anything she wants to explain to me,129752,0.5231953263282776
are you there ruppert if you there call me at work immediately,129772,0.9929158687591553
crescendo meeting i will not be attending tomorrows crescendo meeting due to the monthly lost creek members meeting that i will be attending nick and rusty will be attending in my absence if you need to get in touch with me you can page me at or via my cell phone at thanks audrey,132246,0.9669204950332642
i am a sex machine,132387,1.0000100135803223
meeting today at please plan to attend a meeting to finalize ecs ees master agreements today at pm cst in eb thank you xochitl velasco,132631,0.5392017960548401
weve been shopping get this guy a truck and a brain,133303,0.8828648924827576
barbara gray jeff hodge staff meeting good afternoon there will not be a staff meeting today the next meeting will resume at its regular time next week if you should have any questions feel free to contact me at x thank you for your attention to this matter regards keegan farrell,133589,0.5356234908103943
hey also i feel bad i would have invited you to the movies but i thought you were planning your workout,133835,0.8118969202041626
fwd no subject just in case you were thinking about doing this ten reasons to go to work naked no one ever steals your chair gives bad hair day a whole new meaning diverts attention from the fact that you also came to work drunk people stop stealing your pens after theyve seen where you keep them you want to see if its like the dream to stop those creepy programmer guys from looking down your blouse id love to chip in but i left my wallet in my pants inventive way to finally meet that special person in human resources can take advantage of your computer monitor radiation to work on your tan and drum roll the number one reason to go to work naked your boss will never say i wanna see your ass in here by ever again,134686,0.6531000733375549
station gulf power when friday november am am gmt central time us canada where eb,135651,0.605355978012085
did you get the picture,136067,0.8372616171836853
were you looking for me,137110,0.9422698616981506
i will be out of town from tomorrow till if you have to reach me regarding something please feel free to contact me through email or phone remember india is approximately hours ahead of houston phone number country code city code telephone no email address narsimha misra yahoo com narsimha,138030,0.7276285886764526
out this afternoon hunter i will be taking a day of vacation this afternoon let me know if you have any questions chris,140234,0.975348711013794
it needs can they meet me and colin my it manager at the office it is hard to go to lunch,141632,0.9987046122550964
fridays visit i will be in the office all week let me know when you guys would like to stop by hunter,141730,0.9940181970596313
customer contact activity meeting monday desk heads please plan to attend a meeting regarding the finalization of customer contact activity for netco in ecs at am on monday thank you louise kitchen,143063,0.6819723844528198
india meeting w lay skilling steph i will attend this india meeting w lay skilling you are invited to attend a meeting this friday at am to review current india issues with ken lay and jeff skilling the meeting is scheduled for hour in eb m,145241,0.5223631262779236
rto concerns jim in response to your request at the meeting at the omni i have attached my thoughts regarding rto development but as only an occasional substitute attendee at a few miso meetings you should rely on mike roans comments to a much greater extent should you have any questions please contact me,146081,0.8824096322059631
enron reliability legislation please provide me comments additions,147054,0.9203758239746094
gas trading customer meeting meeting was cancelled and never took place,151686,1.0000100135803223
weyman baby pictures never came thruplease try again,151687,0.9999774694442749
pictures of matthew they are precioushe is a cutie for being only a couple of weeks oldthanks for sending me these,151695,0.84944087266922
no subject lucky you i think you should convince her that her house is too small for her and the kids,151772,0.8186831474304199
tw gas eddy county nm i only buy pool gascan you make it available at the appropriate pool,151777,0.9239214062690735
congratulations call me when you can make room for me in your schedule,151813,0.9991015195846558
jtholt omni omninotes omninotes omnipab person frank ermis person julie a gomez person randall l gay person stanley c horton person tori kuykendall person michael w mcgowan person cindy k olson person julia white person omnipab omnitodos omnitodos omnicalendarentries omnicalendarentries omni,152610,0.9968308210372925
did you watch your girl on tv last night,154341,1.0000100135803223
life as a guy life as a guy asf,155982,0.9977079033851624
meeting delayed hello all kevin contacted me and let me know the meeting today will start at instead of his meeting with lavorato was delayed thank you for your understanding adrianne engler x,156412,0.8603857159614563
fundies meeting you may want to leave some time to general rockies discussion this afternoon led by frank and steve mike wants some order in the meeting it sounds like so you probably should leave some time for that jay,156756,0.6992650032043457
w speech we didnt go two commercial guys did if i hear anything ill let you know w speech heywhich one of you went to the prezs speech today did he do ok any comments on energy policy,157337,0.662214457988739
ok so i didnt really think youd be at the office at pm when i left you a message last night buy my day turned into a freak show later jeff,158961,0.9996734857559204
egm management summary radar screens and hot list as of find attached the egm management summary radar screens and hot list as of please contact me if you have any questions comments thanks jeff endofsignature endofsignature endofsignature endofsignature endofsignature endofsignature,161678,0.7810113430023193
thanks so much please call me at office best jeff,162602,0.6997938752174377
fwd please please answer me sounds good ill put it on my calendar,164611,0.8220969438552856
meeting with da mayor id leave a voicemail with sandi shes taking voicemail on her trip and ask her if shed like for you to contact them,165439,0.6471700072288513
hi been trying to call you but youre not answering call me at,167300,0.9996403455734253
fyi when are comments due,167376,1.000009536743164
call me on my cell phone when you get a chance thx jeff,168055,0.9840244650840759
enron contacts bibis the manhes the guy i mentioned when we discussed the other night,168313,0.9114486575126648
u up for going to the dome wednesday night,168459,0.7246440052986145
night out at the blue chalk message body,169761,0.9997355341911316
no office hours on thursday nov hello folks i will not be able to hold office hours this thursday nov however i will hold office hours on monday rd between and pm to make up madhur duggar,170566,0.7807143330574036
invitation pre meeting california market eb jan pm cst call in pass code,171119,0.9550978541374207
academic advising hi everyone if you would like to make an appointment for academic advising or program planning please feel free to contact me or shawn we prefer to do this either in person or by phone because advising via email is very cumbersome so please call shawn at or me at if youd like to talk with us cheers diane,173693,0.9510273337364197
apology where do i begin i guess i could start with several excuses or reasons to justify my behavior on friday but the truth is there arent any i only am left with total humiliation and embarrassment for my actions words and behavior please accept my sincere apology sandra,175879,0.8092169165611267
dinner ok wea re in for big ass dinner we are meeting tomorrow night wed june th at carrabbas on i let me know if you and yours will be attending im thinking bigass juicy pork chunk,176025,0.7183966636657715
call me when you get a minute,176389,0.9493649005889893
night of men men wanting to man off needing to man off are we still planning on being with men on thursday only men need to respond piggy,176614,1.0000100135803223
man night final plans men the final descision on the night of men will be as follows where tonys mexican bring your own clown and accessories please when thursday at pm we will wait until zander is able to attend to try the tampico place would rather go w someone who knows the drill i am very much looking forward to seeing all of you men pignastinkyblanket,176618,0.771380603313446
centana send it to me centana gerald centana is sending me a draft of their proposal would you like me to forward you a copy or is there someone else i should send it to let me know thanks joe,176985,0.9243332743644714
hey i need to go fire my rifle would you like to go and when would you like to go,177193,0.9831838011741638
hello were making a move to eb th floor hello hey just wanted to say hello hope things are will and they are taking care of you give me call if you get some time and let me know if you make a move joe,177966,0.7982987761497498
evening activities yes they are i will be in as well evening activities apparently all the splittails are gathering this evening to bitch about us etc enjoy your in ness as i will c,178718,0.7799647450447083
man night report i thought this was off thanks for letting me know the location or is this a joke im confused man night report attendees me pig zander and small zander ate a lot of crustaceous bugs drank a lot spent money on raffle tickets because the chick selling them was hot won nothing drank more woke up on couch i feel horrible overall a success despite attendance ready to go again c,179037,0.9611970782279968
health tips i totally agree i like this guy,179506,0.9979152679443359
where are you woman call me,179534,1.0000100135803223
one time at bandcamp open in private have fun late bandcamp jpg,179923,0.7332099676132202
absolutely beautiful open in private nicolevancroft jpg nicolevancroft jpg nicolevancroft jpg nicolevancroft jpg nicolevancroft jpg nicolevancroft jpg,179927,0.9997755885124207
picture of house hey this is the picture we took sorry you cant see too much house doc,180286,0.8503031730651855
stepenovitch i left a message and she did not return my call,181051,0.9994576573371887
some of us cant leave at are you still at work im in a really boring meeting please email me tell mesomething good heather kroll,181496,0.9482471346855164
discussion time john please let me know what time to come up this afternoon thanksjeb x,182581,0.8018958568572998
txu buy u,185596,0.9983171224594116
i went already lazy did you go this morning if not do you want to go after work,186005,0.9468652606010437
call me when you get this,186278,1.000001072883606
wanna get sauced after work,186453,0.9999171495437622
i couldnt do it it took minutes for my alarm to wake me up,186461,0.9998868703842163
at my desk where are you hungry,186734,0.9721536636352539
dating someone new you make me so jealous dating someone new heres a pic of my new boyfriend what do you think of him my guy jpg file my guy jpg,186812,0.9984570145606995
wanna get a smoothie with me by the playground with me after school,187133,1.0000100135803223
meeting that would be fine just give me a call and let me know when you can meet jmf meeting i just returned from a training class can you meet a bit later this afternoon meeting kim can we meet around noon jmf meeting tuesday it is let me know when you might be available and i will try to work around your schedule regards kim meeting i will be attending a funeral tomorrow but i am available to meet on tuesday thank you for checking back with me jmf,188105,0.980228066444397
contact list michael has asked me to put together a contact list please send me the following information as soon as possible name location office number fax number home address home phone home fax cell number pager number thank you megan,189531,0.8738957047462463
sorry not feeling too sexy right now what is going on send me an exciting sexy email to wake me up,190712,0.9986864924430847
no one would ever beat me i like a little rough i would never beat you you can be a little rough but dont beat me you have asked me the latter question before and the answer is yes to the first question the answer is no i was kidding about the books read them soak them in yes we do need to spend some time at someones house i cant wait your books are in my car geez now you want to beat me meanie i wish youd come over my house we need to go to spend time at someones house i have a couple of questions for you are you the jealous type if you were single do you think that you would be interested in dating someone like me what are you doing wake up over there sexy where are my books am i going to have to come to your house and beat them out of you i will do it dont put it past me,190744,0.820400595664978
thats right or i will die trying because you would beat them back right no one would ever beat me i like a little rough i would never beat you you can be a little rough but dont beat me you have asked me the latter question before and the answer is yes to the first question the answer is no i was kidding about the books read them soak them in yes we do need to spend some time at someones house i cant wait your books are in my car geez now you want to beat me meanie i wish youd come over my house we need to go to spend time at someones house i have a couple of questions for you are you the jealous type if you were single do you think that you would be interested in dating someone like me what are you doing wake up over there sexy where are my books am i going to have to come to your house and beat them out of you i will do it dont put it past me,190746,0.6866052150726318
come on you are always sexy sorry not feeling too sexy right now what is going on send me an exciting sexy email to wake me up,190761,1.0000032186508179
i like a little rough i would never beat you you can be a little rough but dont beat me you have asked me the latter question before and the answer is yes to the first question the answer is no i was kidding about the books read them soak them in yes we do need to spend some time at someones house i cant wait your books are in my car geez now you want to beat me meanie i wish youd come over my house we need to go to spend time at someones house i have a couple of questions for you are you the jealous type if you were single do you think that you would be interested in dating someone like me what are you doing wake up over there sexy where are my books am i going to have to come to your house and beat them out of you i will do it dont put it past me,190773,0.6036245226860046
you are making me blush you look so handsome today,190945,0.7644291520118713
i think your friend puts you in a funky mood doesnt it i feel good as well when you smile at me there are alot of duplexes in the montrose area i know you will find something good morning i know this sounds corny but as soon as you said good morning and smiled at me i felt times better you always brighten my day i mean it i am doing ok this morning i went to see the apt and i didnot like it too small but i saw a few others that i want to take a look at today i did not get to speak to shelly last night i got home about pm i just went driving around montrose and i found some duplexes and fourplex apts then i had dinner late with my cousin and my friend mike and came home and went to bed i have just been in this funky mood dont know why good morning you look very nice today how are you doing how was the apt any problems at home because of shelly anyway have a great day i really love seeing you each day thanks for the ride yesterday i really appreciate it talk to you soon,190997,0.6238864660263062
call me when you get it thanks,191102,0.5106445550918579
hope you have a good evening too i am working a little late as well ive got to wait until my cousin picks me up today so i will probably not leave here until pm how late are you working,191128,0.857873260974884
i am working a little late as well ive got to wait until my cousin picks me up today so i will probably not leave here until pm how late are you working,191145,0.6343288421630859
hey sugar how are doing i hope you are feeling better please let me know if i can do anything for you i love and miss you call me or email me if you need anything the pigs ps sugar send me the picture of me with the headphones if you get a chance thanks,191927,0.6149331331253052
updated meeting regarding trade termination procedures when wednesday december pm pm gmt central time us canada due to our conference rooms being used by weil people please go over to the new building th floor near louise kitchens office and carol will find a room,192337,0.8758779764175415
give me a call,193757,0.994759738445282
please give me a call this week i need some info,193890,0.8932785391807556
janet call me,194145,0.9931089282035828
friday visit kevin give me a call on this one,194166,0.6033565998077393
i would like to do a phone interview and then i will bring him in if i like him send me a resume and then ill set him up,194306,0.7969058752059937
hotlist looks ok to me,200109,0.9905144572257996
calgary office was there a guy in the calgary office named john distroll did some gas options maybe greg,203030,0.5650678873062134
please send me your business address and phone first of all are you going to send me free stuff,203333,0.9495618939399719
location my location is eb c and ext,205000,0.5170482397079468
options i brought some of my natural gas and options books from home please come by my desk if you want to read one during the day or make copies of some chapters to take home with you kk,205397,0.9333550930023193
orientation meeting jeff there is a meeting at the houstonian tomorrow morning is this one for us or did they split the group into seperate meetings kk,205664,0.8375231027603149
gorgeous amateur teen girls kexkkfte want to see awesome amateur teen sluts get nude just for you these girls are hot cum check it out now http members amateurteens our amateur teens are super hot and love to have sex watch our fresh young babes get fucked hard while trying out for their first porn movie the action is mindblowing http members amateurteens to be removed from our future mailings please click below http members amateurteens remove html,206794,0.9043669700622559
